{"v":"5.7.6","fr":29.9700012207031,"ip":0,"op":201.000008186898,"w":1000,"h":390,"nm":"Intro12","ddd":0,"assets":[{"id":"image_0","w":40,"h":40,"u":"images/","p":"img_0.png","e":0},{"id":"image_1","w":1490,"h":1590,"u":"images/","p":"img_1.png","e":0},{"id":"image_2","w":160,"h":160,"u":"images/","p":"img_2.png","e":0},{"id":"image_3","w":1016,"h":488,"u":"images/","p":"img_3.png","e":0},{"id":"image_4","w":1305,"h":1153,"u":"images/","p":"img_4.png","e":0},{"id":"image_5","w":4032,"h":2144,"u":"images/","p":"img_5.png","e":0}],"layers":[{"ddd":0,"ind":1,"ty":2,"nm":"Ellipse 50.png","cl":"png","refId":"image_0","sr":1,"ks":{"o":{"a":0,"k":100,"ix":11},"r":{"a":0,"k":0,"ix":10},"p":{"a":0,"k":[613,147,0],"ix":2,"l":2},"a":{"a":0,"k":[20,20,0],"ix":1,"l":2},"s":{"a":1,"k":[{"i":{"x":[0.889,0.889,0.667],"y":[1.049,1.049,1]},"o":{"x":[1,1,0.167],"y":[-0.002,-0.002,16.667]},"t":16,"s":[0,0,100]},{"t":44.0000017921567,"s":[100,100,100]}],"ix":6,"l":2}},"ao":0,"ip":0,"op":900.000036657751,"st":0,"bm":0},{"ddd":0,"ind":2,"ty":2,"nm":"Group 140@2x.png","cl":"png","refId":"image_1","sr":1,"ks":{"o":{"a":0,"k":100,"ix":11},"r":{"a":0,"k":0,"ix":10},"p":{"s":true,"x":{"a":0,"k":275.148,"ix":3},"y":{"a":1,"k":[{"i":{"x":[0.42],"y":[-16.813]},"o":{"x":[0.675],"y":[5.162]},"t":17,"s":[144.806]},{"i":{"x":[0.57],"y":[6.078]},"o":{"x":[0.788],"y":[-3.081]},"t":73,"s":[144.806]},{"i":{"x":[0.596],"y":[-0.695]},"o":{"x":[0.366],"y":[1.34]},"t":152,"s":[140.554]},{"i":{"x":[0.833],"y":[1]},"o":{"x":[0.517],"y":[-2.432]},"t":229,"s":[147.163]},{"t":294.000011974866,"s":[144.806]}],"ix":4}},"a":{"a":0,"k":[745,795,0],"ix":1,"l":2},"s":{"a":0,"k":[13,13,100],"ix":6,"l":2}},"ao":0,"ip":0,"op":900.000036657751,"st":0,"bm":0},{"ddd":0,"ind":3,"ty":2,"nm":"House.png","cl":"png","refId":"image_2","sr":1,"ks":{"o":{"a":0,"k":100,"ix":11},"r":{"a":0,"k":0,"ix":10},"p":{"a":0,"k":[268,251,0],"ix":2,"l":2},"a":{"a":0,"k":[80,80,0],"ix":1,"l":2},"s":{"a":0,"k":[31,31,100],"ix":6,"l":2}},"ao":0,"ip":0,"op":900.000036657751,"st":0,"bm":0},{"ddd":0,"ind":4,"ty":2,"nm":"Rocket.png","cl":"png","refId":"image_3","sr":1,"ks":{"o":{"a":0,"k":100,"ix":11},"r":{"a":0,"k":2160,"ix":10},"p":{"a":1,"k":[{"i":{"x":0.817,"y":1},"o":{"x":0.333,"y":0},"t":110.94,"s":[269,254,0],"to":[0,0,0],"ti":[0,0,0]},{"i":{"x":0.667,"y":1},"o":{"x":0.333,"y":0},"t":122.06,"s":[289,249,0],"to":[0,0,0],"ti":[0,0,0]},{"t":180.00000733155,"s":[600,154,0]}],"ix":2,"l":2},"a":{"a":0,"k":[508,244,0],"ix":1,"l":2},"s":{"a":1,"k":[{"i":{"x":[0.833,0.833,0.833],"y":[0.833,0.833,0.833]},"o":{"x":[0.167,0.167,0.167],"y":[0.167,0.167,0.167]},"t":101,"s":[0,7,100]},{"t":119.000004846969,"s":[7,7,100]}],"ix":6,"l":2}},"ao":1,"ip":0,"op":900.000036657751,"st":0,"bm":0},{"ddd":0,"ind":5,"ty":4,"nm":"Shape Layer 1","sr":1,"ks":{"o":{"a":0,"k":100,"ix":11},"r":{"a":0,"k":0,"ix":10},"p":{"a":0,"k":[500,195,0],"ix":2,"l":2},"a":{"a":0,"k":[0,0,0],"ix":1,"l":2},"s":{"a":0,"k":[100,100,100],"ix":6,"l":2}},"ao":0,"shapes":[{"ty":"gr","it":[{"ind":0,"ty":"sh","ix":1,"ks":{"a":0,"k":{"i":[[0,0],[0,0]],"o":[[0,0],[0,0]],"v":[[-211,54],[100,-41]],"c":false},"ix":2},"nm":"Path 1","mn":"ADBE Vector Shape - Group","hd":false},{"ty":"st","c":{"a":0,"k":[0,0,0,1],"ix":3},"o":{"a":0,"k":100,"ix":4},"w":{"a":0,"k":7,"ix":5},"lc":1,"lj":1,"ml":4,"bm":0,"d":[{"n":"d","nm":"dash","v":{"a":0,"k":10,"ix":1}},{"n":"o","nm":"offset","v":{"a":0,"k":0,"ix":7}}],"nm":"Stroke 1","mn":"ADBE Vector Graphic - Stroke","hd":false},{"ty":"fl","c":{"a":0,"k":[0,0,0,1],"ix":4},"o":{"a":0,"k":100,"ix":5},"r":1,"bm":14,"nm":"Fill 1","mn":"ADBE Vector Graphic - Fill","hd":false},{"ty":"tr","p":{"a":0,"k":[0,0],"ix":2},"a":{"a":0,"k":[0,0],"ix":1},"s":{"a":0,"k":[100,100],"ix":3},"r":{"a":0,"k":0,"ix":6},"o":{"a":0,"k":100,"ix":7},"sk":{"a":0,"k":0,"ix":4},"sa":{"a":0,"k":0,"ix":5},"nm":"Transform"}],"nm":"Shape 1","np":3,"cix":2,"bm":0,"ix":1,"mn":"ADBE Vector Group","hd":false},{"ty":"tm","s":{"a":1,"k":[{"i":{"x":[0.667],"y":[1]},"o":{"x":[0.333],"y":[0]},"t":122,"s":[0]},{"t":182.000007413012,"s":[0]}],"ix":1},"e":{"a":1,"k":[{"i":{"x":[0.667],"y":[1]},"o":{"x":[0.333],"y":[0]},"t":122,"s":[0]},{"t":182.000007413012,"s":[100]}],"ix":2},"o":{"a":0,"k":0,"ix":3},"m":1,"ix":2,"nm":"Trim Paths 1","mn":"ADBE Vector Filter - Trim","hd":false}],"ip":0,"op":900.000036657751,"st":0,"bm":0},{"ddd":0,"ind":6,"ty":2,"nm":"Group 141@2x.png","cl":"png","refId":"image_4","sr":1,"ks":{"o":{"a":0,"k":100,"ix":11},"r":{"a":0,"k":0,"ix":10},"p":{"s":true,"x":{"a":1,"k":[{"i":{"x":[0.975],"y":[0.833]},"o":{"x":[0.025],"y":[0.167]},"t":71,"s":[613.6]},{"t":83.0000033806593,"s":[703.6]}],"ix":3},"y":{"a":1,"k":[{"i":{"x":[0.975],"y":[0.781]},"o":{"x":[0.025],"y":[0.167]},"t":71,"s":[145]},{"i":{"x":[0.833],"y":[1]},"o":{"x":[0.167],"y":[0.167]},"t":83,"s":[109]},{"i":{"x":[0],"y":[23.676]},"o":{"x":[0.167],"y":[0]},"t":109,"s":[110]},{"i":{"x":[0.494],"y":[-18367135.378]},"o":{"x":[0.598],"y":[17734240.58]},"t":171,"s":[109]},{"i":{"x":[0.735],"y":[-18.713]},"o":{"x":[0.345],"y":[11.916]},"t":249,"s":[109]},{"t":326.000013278252,"s":[109]}],"ix":4}},"a":{"a":0,"k":[652.5,576.5,0],"ix":1,"l":2},"s":{"a":1,"k":[{"i":{"x":[0.667,0.667,0.667],"y":[1,1,1]},"o":{"x":[0.167,0.167,0.167],"y":[0.167,0.167,18.056]},"t":71,"s":[0,0,100]},{"t":83.0000033806593,"s":[13,13,100]}],"ix":6,"l":2}},"ao":0,"ip":0,"op":900.000036657751,"st":0,"bm":0},{"ddd":0,"ind":7,"ty":1,"nm":"Dark Gray Solid 2","td":1,"sr":1,"ks":{"o":{"a":0,"k":100,"ix":11},"r":{"a":0,"k":0,"ix":10},"p":{"a":0,"k":[500,195,0],"ix":2,"l":2},"a":{"a":0,"k":[363,193,0],"ix":1,"l":2},"s":{"a":0,"k":[100,100,100],"ix":6,"l":2}},"ao":0,"hasMask":true,"masksProperties":[{"inv":false,"mode":"a","pt":{"a":0,"k":{"i":[[11.061,0],[0,0],[0,-11.017],[0,0],[-11.061,0],[0,0],[0,11.017],[0,0]],"o":[[0,0],[-11.061,0],[0,0],[0,11.017],[0,0],[11.061,0],[0,0],[0,-11.017]],"v":[[705.972,0],[20.028,0],[0,19.948],[0,366.052],[20.028,386],[705.972,386],[726,366.052],[726,19.948]],"c":true},"ix":1},"o":{"a":0,"k":100,"ix":3},"x":{"a":0,"k":0,"ix":4},"nm":"Mask 1"}],"sw":726,"sh":386,"sc":"#2d2d2d","ip":-115.000004684046,"op":785.000031973705,"st":-115.000004684046,"bm":0},{"ddd":0,"ind":8,"ty":2,"nm":"Animation screennotdots.png","cl":"png","tt":1,"refId":"image_5","sr":1,"ks":{"o":{"a":0,"k":100,"ix":11},"r":{"a":0,"k":0,"ix":10},"p":{"a":0,"k":[3724.27,178.93,0],"ix":2,"l":2},"a":{"a":0,"k":[2016,1072,0],"ix":1,"l":2},"s":{"a":0,"k":[361.249,361.249,100],"ix":6,"l":2}},"ao":0,"ip":0,"op":900.000036657751,"st":0,"bm":0}],"markers":[]}